,Gender,Age,Premium,Deductible
0,Female,39.8,3179.5,644.6
1,Male,42.888888888888886,3085.4444444444443,515.2222222222222
