,Smoker,Age,Premium,Deductible
0,0,41.25,3265.875,656.25
1,1,41.27272727272727,3039.7272727272725,530.2727272727273
